effect,component,group,term,estimate,std.error,conf.low,conf.high,indicator,managed_area,habitat_class,size_class,live_date_qual,n_programs,programs,filename
fixed,cond,,(Intercept),80.4291235849739,221.327483531459,-364.288288745988,527.572724684474,Size class,Apalachicola National Estuarine Research Reserve,Natural,25-75mm,Exact,4,5075|5063|5073|5071,output/model_results/GLMMs/ANERR_sh25to75_glmm_Natural.rds
fixed,cond,,RelYear,-1.17678141757437,4.53797764802655,-10.2751964349834,7.86136852429848,Size class,Apalachicola National Estuarine Research Reserve,Natural,25-75mm,Exact,4,5075|5063|5073|5071,output/model_results/GLMMs/ANERR_sh25to75_glmm_Natural.rds
fixed,cond,,QuadSize_m2,18.6769742241262,20.7961174241662,-21.7142448395564,62.4102926971816,Size class,Apalachicola National Estuarine Research Reserve,Natural,25-75mm,Exact,4,5075|5063|5073|5071,output/model_results/GLMMs/ANERR_sh25to75_glmm_Natural.rds
ran_pars,cond,UniversalReefID,sd__(Intercept),17.0423038529776,4.27310416566773,10.5763433233819,26.8717611066518,Size class,Apalachicola National Estuarine Research Reserve,Natural,25-75mm,Exact,4,5075|5063|5073|5071,output/model_results/GLMMs/ANERR_sh25to75_glmm_Natural.rds
ran_pars,cond,Residual,sd__Observation,15.7970106630029,1.48062465857464,13.3145633615834,19.1029384336023,Size class,Apalachicola National Estuarine Research Reserve,Natural,25-75mm,Exact,4,5075|5063|5073|5071,output/model_results/GLMMs/ANERR_sh25to75_glmm_Natural.rds
fixed,cond,,(Intercept),84.427042421975,14.39726865162,56.977338642671,113.405068646146,Size class,Estero Bay Aquatic Preserve,Natural,25-75mm,Exact,1,4042,output/model_results/GLMMs/EBAP_sh25to75_glmm_Natural.rds
fixed,cond,,RelYear,-1.07949077381429,0.281160351821032,-1.65334383429319,-0.550984656253816,Size class,Estero Bay Aquatic Preserve,Natural,25-75mm,Exact,1,4042,output/model_results/GLMMs/EBAP_sh25to75_glmm_Natural.rds
fixed,cond,,QuadSize_m2,-8.77969891050933,7.81577031460265,-24.4284731154494,6.12305640787727,Size class,Estero Bay Aquatic Preserve,Natural,25-75mm,Exact,1,4042,output/model_results/GLMMs/EBAP_sh25to75_glmm_Natural.rds
ran_pars,cond,UniversalReefID,sd__(Intercept),9.85920513380218,9.18890096931906,0.61174990454384,37.6646151697242,Size class,Estero Bay Aquatic Preserve,Natural,25-75mm,Exact,1,4042,output/model_results/GLMMs/EBAP_sh25to75_glmm_Natural.rds
ran_pars,cond,UniversalReefID,sd__RelYear,0.174926070253853,0.179586842589005,0.00641065253486277,0.717817922088633,Size class,Estero Bay Aquatic Preserve,Natural,25-75mm,Exact,1,4042,output/model_results/GLMMs/EBAP_sh25to75_glmm_Natural.rds
ran_pars,cond,UniversalReefID,cor__(Intercept).RelYear,-0.269503667382471,0.59088408539999,-0.987803169380013,0.904557494909559,Size class,Estero Bay Aquatic Preserve,Natural,25-75mm,Exact,1,4042,output/model_results/GLMMs/EBAP_sh25to75_glmm_Natural.rds
ran_pars,cond,Residual,sd__Observation,17.475422767391,0.64551666396662,16.2876600840512,18.7883240469432,Size class,Estero Bay Aquatic Preserve,Natural,25-75mm,Exact,1,4042,output/model_results/GLMMs/EBAP_sh25to75_glmm_Natural.rds
fixed,cond,,(Intercept),27.433256929409,92.623130641773,-179.281538197012,187.005568246839,Size class,Estero Bay Aquatic Preserve,Natural,>75mm,Exact,1,4042,output/model_results/GLMMs/EBAP_sho75_glmm_Natural.rds
fixed,cond,,RelYear,0.651207940497121,1.81398746005965,-2.75660246957633,4.53379203965243,Size class,Estero Bay Aquatic Preserve,Natural,>75mm,Exact,1,4042,output/model_results/GLMMs/EBAP_sho75_glmm_Natural.rds
ran_pars,cond,UniversalReefID,sd__(Intercept),4.77555980908623,4.04473740084524,0.195179030667692,14.754951518985,Size class,Estero Bay Aquatic Preserve,Natural,>75mm,Exact,1,4042,output/model_results/GLMMs/EBAP_sho75_glmm_Natural.rds
ran_pars,cond,Residual,sd__Observation,16.2200183345188,3.71248131858219,11.0389058695991,25.2220055627104,Size class,Estero Bay Aquatic Preserve,Natural,>75mm,Exact,1,4042,output/model_results/GLMMs/EBAP_sho75_glmm_Natural.rds
fixed,cond,,(Intercept),48.1609394137246,19.5129776954426,9.84305010101447,87.4460272116637,Size class,Guana River Marsh Aquatic Preserve,Natural,25-75mm,Exact,2,4000|5017,output/model_results/GLMMs/GRMAP_sh25to75_glmm_Natural.rds
fixed,cond,,RelYear,-1.84908065993891,0.903802047990248,-3.77286485517008,-0.185007229471599,Size class,Guana River Marsh Aquatic Preserve,Natural,25-75mm,Exact,2,4000|5017,output/model_results/GLMMs/GRMAP_sh25to75_glmm_Natural.rds
ran_pars,cond,UniversalReefID,sd__(Intercept),97.8738853426528,25.9418374954268,52.5897013659614,154.894164067789,Size class,Guana River Marsh Aquatic Preserve,Natural,25-75mm,Exact,2,4000|5017,output/model_results/GLMMs/GRMAP_sh25to75_glmm_Natural.rds
ran_pars,cond,UniversalReefID,sd__RelYear,4.08199905763004,1.18867007412657,1.9875568449296,6.73055664690604,Size class,Guana River Marsh Aquatic Preserve,Natural,25-75mm,Exact,2,4000|5017,output/model_results/GLMMs/GRMAP_sh25to75_glmm_Natural.rds
ran_pars,cond,UniversalReefID,cor__(Intercept).RelYear,-0.966017434828939,0.043556522912762,-0.99206124425805,-0.894958942695039,Size class,Guana River Marsh Aquatic Preserve,Natural,25-75mm,Exact,2,4000|5017,output/model_results/GLMMs/GRMAP_sh25to75_glmm_Natural.rds
ran_pars,cond,Residual,sd__Observation,39.4486261009758,2.75317510985595,34.8099083529025,45.4972927333982,Size class,Guana River Marsh Aquatic Preserve,Natural,25-75mm,Exact,2,4000|5017,output/model_results/GLMMs/GRMAP_sh25to75_glmm_Natural.rds
fixed,cond,,(Intercept),11.8696098338517,14.8771799085367,-19.4249115740637,37.8864902186117,Size class,Guana River Marsh Aquatic Preserve,Natural,>75mm,Exact,2,4000|5017,output/model_results/GLMMs/GRMAP_sho75_glmm_Natural.rds
fixed,cond,,RelYear,1.15241079774444,0.549085706691658,0.103368914578995,2.2788142062298,Size class,Guana River Marsh Aquatic Preserve,Natural,>75mm,Exact,2,4000|5017,output/model_results/GLMMs/GRMAP_sho75_glmm_Natural.rds
ran_pars,cond,UniversalReefID,sd__(Intercept),19.7353614419754,3.0625333842664,14.7553862898274,26.4434766969897,Size class,Guana River Marsh Aquatic Preserve,Natural,>75mm,Exact,2,4000|5017,output/model_results/GLMMs/GRMAP_sho75_glmm_Natural.rds
ran_pars,cond,Residual,sd__Observation,26.2791650239288,1.54282301032632,23.6388652826988,29.647216165659,Size class,Guana River Marsh Aquatic Preserve,Natural,>75mm,Exact,2,4000|5017,output/model_results/GLMMs/GRMAP_sho75_glmm_Natural.rds
fixed,cond,,(Intercept),-31.0574749756206,25.8256750650401,-81.5143216896051,20.0230974667669,Size class,Guana Tolomato Matanzas National Estuarine Research Reserve,Natural,25-75mm,Exact,2,5017|4000,output/model_results/GLMMs/GTMNERR_sh25to75_glmm_Natural.rds
fixed,cond,,RelYear,0.840992920425099,0.440891657361379,-0.0283406257218551,1.6895397397188,Size class,Guana Tolomato Matanzas National Estuarine Research Reserve,Natural,25-75mm,Exact,2,5017|4000,output/model_results/GLMMs/GTMNERR_sh25to75_glmm_Natural.rds
ran_pars,cond,UniversalReefID,sd__(Intercept),232.649910362888,32.5304511352819,176.353348795144,302.204982475974,Size class,Guana Tolomato Matanzas National Estuarine Research Reserve,Natural,25-75mm,Exact,2,5017|4000,output/model_results/GLMMs/GTMNERR_sh25to75_glmm_Natural.rds
ran_pars,cond,UniversalReefID,sd__RelYear,3.91064071618508,0.570072122795688,2.91791725066091,5.13623601067024,Size class,Guana Tolomato Matanzas National Estuarine Research Reserve,Natural,25-75mm,Exact,2,5017|4000,output/model_results/GLMMs/GTMNERR_sh25to75_glmm_Natural.rds
ran_pars,cond,UniversalReefID,cor__(Intercept).RelYear,-0.995244609913477,0.00169104518571171,-0.997790174054114,-0.991288226242559,Size class,Guana Tolomato Matanzas National Estuarine Research Reserve,Natural,25-75mm,Exact,2,5017|4000,output/model_results/GLMMs/GTMNERR_sh25to75_glmm_Natural.rds
ran_pars,cond,Residual,sd__Observation,33.7770080386362,1.07282053843568,31.7813533615269,36.0547347801607,Size class,Guana Tolomato Matanzas National Estuarine Research Reserve,Natural,25-75mm,Exact,2,5017|4000,output/model_results/GLMMs/GTMNERR_sh25to75_glmm_Natural.rds
fixed,cond,,(Intercept),-1.95556782024281,22.3079261979298,-47.7888866602206,41.7843201266131,Size class,Guana Tolomato Matanzas National Estuarine Research Reserve,Natural,>75mm,Exact,2,5017|4000,output/model_results/GLMMs/GTMNERR_sho75_glmm_Natural.rds
fixed,cond,,RelYear,0.561988537675034,0.372214764183155,-0.176759541889197,1.29772460326394,Size class,Guana Tolomato Matanzas National Estuarine Research Reserve,Natural,>75mm,Exact,2,5017|4000,output/model_results/GLMMs/GTMNERR_sho75_glmm_Natural.rds
ran_pars,cond,UniversalReefID,sd__(Intercept),23.2756587312673,2.33752296864649,19.2107689530681,28.1522532901874,Size class,Guana Tolomato Matanzas National Estuarine Research Reserve,Natural,>75mm,Exact,2,5017|4000,output/model_results/GLMMs/GTMNERR_sho75_glmm_Natural.rds
ran_pars,cond,Residual,sd__Observation,26.2459843020763,1.07037029099182,24.326911388289,28.510280496944,Size class,Guana Tolomato Matanzas National Estuarine Research Reserve,Natural,>75mm,Exact,2,5017|4000,output/model_results/GLMMs/GTMNERR_sho75_glmm_Natural.rds
fixed,cond,,(Intercept),31.7703847466776,9.5034677292328,12.8952308479971,51.5334295882943,Size class,Indian River-Malabar to Vero Beach Aquatic Preserve,Natural,25-75mm,Exact,1,4016,output/model_results/GLMMs/IRMVBAP_sh25to75_glmm_Natural.rds
fixed,cond,,RelYear,1.5154252070818,0.947829739184161,-0.1575849213468,3.5387761403349,Size class,Indian River-Malabar to Vero Beach Aquatic Preserve,Natural,25-75mm,Exact,1,4016,output/model_results/GLMMs/IRMVBAP_sh25to75_glmm_Natural.rds
ran_pars,cond,UniversalReefID,sd__(Intercept),10.6459951566643,10.1863716251149,0.373704493320232,37.2980607368941,Size class,Indian River-Malabar to Vero Beach Aquatic Preserve,Natural,25-75mm,Exact,1,4016,output/model_results/GLMMs/IRMVBAP_sh25to75_glmm_Natural.rds
ran_pars,cond,Residual,sd__Observation,18.836610987461,2.45020894739736,15.1562707119405,24.6267223040184,Size class,Indian River-Malabar to Vero Beach Aquatic Preserve,Natural,25-75mm,Exact,1,4016,output/model_results/GLMMs/IRMVBAP_sh25to75_glmm_Natural.rds
fixed,cond,,(Intercept),79.4629007586611,21.1037031083458,37.9248904597091,120.948440890818,Size class,Indian River-Vero Beach to Ft. Pierce Aquatic Preserve,Natural,25-75mm,Exact,1,4016,output/model_results/GLMMs/IRVBFPAP_sh25to75_glmm_Natural.rds
fixed,cond,,RelYear,-0.751589879413304,0.343222283580714,-1.43605154380587,-0.0719855921185328,Size class,Indian River-Vero Beach to Ft. Pierce Aquatic Preserve,Natural,25-75mm,Exact,1,4016,output/model_results/GLMMs/IRVBFPAP_sh25to75_glmm_Natural.rds
ran_pars,cond,UniversalReefID,sd__(Intercept),10.7822018226173,4.46981101906446,4.92589539012811,22.208537387822,Size class,Indian River-Vero Beach to Ft. Pierce Aquatic Preserve,Natural,25-75mm,Exact,1,4016,output/model_results/GLMMs/IRVBFPAP_sh25to75_glmm_Natural.rds
ran_pars,cond,Residual,sd__Observation,18.9170280659417,1.1147091566498,17.0260170607457,21.393396945718,Size class,Indian River-Vero Beach to Ft. Pierce Aquatic Preserve,Natural,25-75mm,Exact,1,4016,output/model_results/GLMMs/IRVBFPAP_sh25to75_glmm_Natural.rds
fixed,cond,,(Intercept),223.441261484589,148.295076383779,-24.6949039248246,560.040459217952,Size class,Indian River-Vero Beach to Ft. Pierce Aquatic Preserve,Natural,>75mm,Exact,1,4016,output/model_results/GLMMs/IRVBFPAP_sho75_glmm_Natural.rds
fixed,cond,,RelYear,-2.70767937420794,2.58985210054359,-8.62249250709132,1.51479064558687,Size class,Indian River-Vero Beach to Ft. Pierce Aquatic Preserve,Natural,>75mm,Exact,1,4016,output/model_results/GLMMs/IRVBFPAP_sho75_glmm_Natural.rds
ran_pars,cond,UniversalReefID,sd__(Intercept),5.25434143246682,5.34252584527144,0.153719609169213,18.5956889548144,Size class,Indian River-Vero Beach to Ft. Pierce Aquatic Preserve,Natural,>75mm,Exact,1,4016,output/model_results/GLMMs/IRVBFPAP_sho75_glmm_Natural.rds
ran_pars,cond,Residual,sd__Observation,16.8130111595363,3.75175762411843,11.5910522704893,26.0012870268345,Size class,Indian River-Vero Beach to Ft. Pierce Aquatic Preserve,Natural,>75mm,Exact,1,4016,output/model_results/GLMMs/IRVBFPAP_sho75_glmm_Natural.rds
fixed,cond,,(Intercept),43.6560783300323,4.06210224683319,34.9669784084989,50.9932610722978,Size class,Pine Island Sound Aquatic Preserve,Natural,25-75mm,Exact,1,4012,output/model_results/GLMMs/PISAP_sh25to75_glmm_Natural.rds
fixed,cond,,RelYear,-3.87974711883918,1.12397494374036,-6.53525768926523,-2.14383379798771,Size class,Pine Island Sound Aquatic Preserve,Natural,25-75mm,Exact,1,4012,output/model_results/GLMMs/PISAP_sh25to75_glmm_Natural.rds
ran_pars,cond,Residual,sd__Observation,26.504478669171,3.11229166286659,21.6618395655667,33.9101161923221,Size class,Pine Island Sound Aquatic Preserve,Natural,25-75mm,Exact,1,4012,output/model_results/GLMMs/PISAP_sh25to75_glmm_Natural.rds
fixed,cond,,(Intercept),54.5827841305426,16.5993281370131,14.6518836954911,75.6833298161966,Size class,Pine Island Sound Aquatic Preserve,Natural,>75mm,Exact,1,4012,output/model_results/GLMMs/PISAP_sho75_glmm_Natural.rds
fixed,cond,,RelYear,2.36514448386126,2.01260219209015,-1.18346909682453,6.83298001083124,Size class,Pine Island Sound Aquatic Preserve,Natural,>75mm,Exact,1,4012,output/model_results/GLMMs/PISAP_sho75_glmm_Natural.rds
ran_pars,cond,Residual,sd__Observation,13.5607802093177,2.89763956587113,9.45109555146395,20.5384935711238,Size class,Pine Island Sound Aquatic Preserve,Natural,>75mm,Exact,1,4012,output/model_results/GLMMs/PISAP_sho75_glmm_Natural.rds
fixed,cond,,(Intercept),-24.1117935804,63.1745339066789,-185.829631168014,43.4992094561634,Size class,Pine Island Sound Aquatic Preserve,Restored,25-75mm,Exact,1,4012,output/model_results/GLMMs/PISAP_sh25to75_glmm_Restored.rds
fixed,cond,,RelYear,-8.80876111325473,10.5537990650249,-34.6433178651541,6.16727334383184,Size class,Pine Island Sound Aquatic Preserve,Restored,25-75mm,Exact,1,4012,output/model_results/GLMMs/PISAP_sh25to75_glmm_Restored.rds
ran_pars,cond,Residual,sd__Observation,48.6374560875714,13.6294408169823,30.7079957898961,84.6703681272556,Size class,Pine Island Sound Aquatic Preserve,Restored,25-75mm,Exact,1,4012,output/model_results/GLMMs/PISAP_sh25to75_glmm_Restored.rds
fixed,cond,,(Intercept),29.9390704498884,27.1764811992647,-39.8311442571913,68.6046302013873,Size class,Pine Island Sound Aquatic Preserve,Restored,>75mm,Exact,1,4012,output/model_results/GLMMs/PISAP_sho75_glmm_Restored.rds
fixed,cond,,RelYear,10.3814573648179,4.6223460322014,3.04506499613204,21.321376151801,Size class,Pine Island Sound Aquatic Preserve,Restored,>75mm,Exact,1,4012,output/model_results/GLMMs/PISAP_sho75_glmm_Restored.rds
ran_pars,cond,Residual,sd__Observation,15.7367860654222,4.00868605815963,10.0502009660754,25.3729679634769,Size class,Pine Island Sound Aquatic Preserve,Restored,>75mm,Exact,1,4012,output/model_results/GLMMs/PISAP_sho75_glmm_Restored.rds
fixed,cond,,(Intercept),-15.3954052283023,26.3592876990741,-77.6957918661909,16.662555937534,Size class,Yellow River Marsh Aquatic Preserve,Restored,25-75mm,Exact,1,4044,output/model_results/GLMMs/YRMAP_sh25to75_glmm_Restored.rds
fixed,cond,,RelYear,3.19193898060185,1.21745147803153,1.46951706264231,6.19707118868048,Size class,Yellow River Marsh Aquatic Preserve,Restored,25-75mm,Exact,1,4044,output/model_results/GLMMs/YRMAP_sh25to75_glmm_Restored.rds
ran_pars,cond,UniversalReefID,sd__(Intercept),17.4014845726667,17.4927874293074,0.431373331737752,62.0318748358388,Size class,Yellow River Marsh Aquatic Preserve,Restored,25-75mm,Exact,1,4044,output/model_results/GLMMs/YRMAP_sh25to75_glmm_Restored.rds
ran_pars,cond,Residual,sd__Observation,17.3732832540063,2.76678757197605,13.3786456533045,23.8193664642425,Size class,Yellow River Marsh Aquatic Preserve,Restored,25-75mm,Exact,1,4044,output/model_results/GLMMs/YRMAP_sh25to75_glmm_Restored.rds
fixed,cond,,(Intercept),13.7625618709307,8.4747555470765,-2.68969823436963,30.4665366230534,Density,Apalachicola Bay Aquatic Preserve,Natural,NA,Exact,2,5063|5073,output/model_results/GLMMs/ABAP_den_glmm9_Natural.rds
fixed,cond,,RelYear,-0.205997602522601,0.178114344459909,-0.560240269190126,0.134238765444705,Density,Apalachicola Bay Aquatic Preserve,Natural,NA,Exact,2,5063|5073,output/model_results/GLMMs/ABAP_den_glmm9_Natural.rds
fixed,cond,,SubtidalTRUE,-0.449896947703699,1.54147892505191,-3.38405780769445,2.80916676616606,Density,Apalachicola Bay Aquatic Preserve,Natural,NA,Exact,2,5063|5073,output/model_results/GLMMs/ABAP_den_glmm9_Natural.rds
fixed,cond,,QuadSize_m2,-1.13583058502031,1.07912124135281,-3.26102840545112,1.0123266534498,Density,Apalachicola Bay Aquatic Preserve,Natural,NA,Exact,2,5063|5073,output/model_results/GLMMs/ABAP_den_glmm9_Natural.rds
ran_pars,cond,UniversalReefID,sd__(Intercept),1.58012804559495,2.45754097718405,0.0475953649143681,7.95810628166318,Density,Apalachicola Bay Aquatic Preserve,Natural,NA,Exact,2,5063|5073,output/model_results/GLMMs/ABAP_den_glmm9_Natural.rds
ran_pars,cond,UniversalReefID,sd__RelYear,0.0415655633546742,0.0581511683666858,0.00147592122439869,0.194178480797386,Density,Apalachicola Bay Aquatic Preserve,Natural,NA,Exact,2,5063|5073,output/model_results/GLMMs/ABAP_den_glmm9_Natural.rds
ran_pars,cond,UniversalReefID,cor__(Intercept).RelYear,-0.406338277167117,0.573134692492251,-0.998423262530303,0.842362311646908,Density,Apalachicola Bay Aquatic Preserve,Natural,NA,Exact,2,5063|5073,output/model_results/GLMMs/ABAP_den_glmm9_Natural.rds
fixed,cond,,(Intercept),11.2069922807729,4.12207112826613,2.89712437303877,19.1991882737811,Density,Apalachicola Bay Aquatic Preserve,Restored,NA,Exact,2,4044|5007,output/model_results/GLMMs/ABAP_den_glmm9_Restored.rds
fixed,cond,,RelYear,-0.150478891903658,0.0805277293923146,-0.306005795431984,0.0113296813264669,Density,Apalachicola Bay Aquatic Preserve,Restored,NA,Exact,2,4044|5007,output/model_results/GLMMs/ABAP_den_glmm9_Restored.rds
ran_pars,cond,UniversalReefID,sd__(Intercept),21.8973603026605,2.91942246278626,17.0192826772867,28.227573110751,Density,Apalachicola Bay Aquatic Preserve,Restored,NA,Exact,2,4044|5007,output/model_results/GLMMs/ABAP_den_glmm9_Restored.rds
ran_pars,cond,UniversalReefID,sd__RelYear,0.428501842157992,0.0569503065304984,0.333616331647493,0.553997467617948,Density,Apalachicola Bay Aquatic Preserve,Restored,NA,Exact,2,4044|5007,output/model_results/GLMMs/ABAP_den_glmm9_Restored.rds
ran_pars,cond,UniversalReefID,cor__(Intercept).RelYear,-0.998227490181097,0.000671451855872311,-0.999205906592058,-0.996561460335343,Density,Apalachicola Bay Aquatic Preserve,Restored,NA,Exact,2,4044|5007,output/model_results/GLMMs/ABAP_den_glmm9_Restored.rds
fixed,cond,,(Intercept),4.6227872014579,5.62107365105056,-6.76959401400887,15.9082206818847,Density,Apalachicola National Estuarine Research Reserve,Natural,NA,Exact,3,5073|5063|5075,output/model_results/GLMMs/ANERR_den_glmm9_Natural.rds
fixed,cond,,RelYear,0.0251908184334882,0.116409248616194,-0.208526999882494,0.257620670372002,Density,Apalachicola National Estuarine Research Reserve,Natural,NA,Exact,3,5073|5063|5075,output/model_results/GLMMs/ANERR_den_glmm9_Natural.rds
fixed,cond,,SubtidalTRUE,-0.646413063116249,1.0645773820881,-2.7025235438425,1.53817675466077,Density,Apalachicola National Estuarine Research Reserve,Natural,NA,Exact,3,5073|5063|5075,output/model_results/GLMMs/ANERR_den_glmm9_Natural.rds
fixed,cond,,QuadSize_m2,-1.89499617425552,0.782685341099036,-3.46316275724357,-0.403919921641526,Density,Apalachicola National Estuarine Research Reserve,Natural,NA,Exact,3,5073|5063|5075,output/model_results/GLMMs/ANERR_den_glmm9_Natural.rds
ran_pars,cond,UniversalReefID,sd__RelYear,0.0209777996720629,0.0063580236938102,0.00763451261956237,0.0337663524256099,Density,Apalachicola National Estuarine Research Reserve,Natural,NA,Exact,3,5073|5063|5075,output/model_results/GLMMs/ANERR_den_glmm9_Natural.rds
fixed,cond,,(Intercept),10.1806847695604,3.50850408515348,3.22943287883045,17.1517652210677,Density,Apalachicola National Estuarine Research Reserve,Restored,NA,Exact,2,4044|5007,output/model_results/GLMMs/ANERR_den_glmm9_Restored.rds
fixed,cond,,RelYear,-0.130928007378844,0.0680967000075228,-0.265373116172394,0.00169399275997065,Density,Apalachicola National Estuarine Research Reserve,Restored,NA,Exact,2,4044|5007,output/model_results/GLMMs/ANERR_den_glmm9_Restored.rds
ran_pars,cond,UniversalReefID,sd__(Intercept),21.8225827235905,2.5853643691183,17.2040817314564,27.3701862888231,Density,Apalachicola National Estuarine Research Reserve,Restored,NA,Exact,2,4044|5007,output/model_results/GLMMs/ANERR_den_glmm9_Restored.rds
ran_pars,cond,UniversalReefID,sd__RelYear,0.424984431094562,0.0502273886469237,0.336537259181478,0.531555060813192,Density,Apalachicola National Estuarine Research Reserve,Restored,NA,Exact,2,4044|5007,output/model_results/GLMMs/ANERR_den_glmm9_Restored.rds
ran_pars,cond,UniversalReefID,cor__(Intercept).RelYear,-0.996568215598563,0.00119078954891751,-0.998277292785566,-0.993644881373452,Density,Apalachicola National Estuarine Research Reserve,Restored,NA,Exact,2,4044|5007,output/model_results/GLMMs/ANERR_den_glmm9_Restored.rds
fixed,cond,,(Intercept),7.06341904578515,1.44677570263953,4.25903082139806,9.86423976280433,Density,Estero Bay Aquatic Preserve,Natural,NA,Exact,1,4042,output/model_results/GLMMs/EBAP_den_glmm9_Natural.rds
fixed,cond,,RelYear,-0.00816434340532869,0.0279704946018484,-0.061985554354361,0.0460680463874336,Density,Estero Bay Aquatic Preserve,Natural,NA,Exact,1,4042,output/model_results/GLMMs/EBAP_den_glmm9_Natural.rds
fixed,cond,,QuadSize_m2,-1.09595552093771,0.863097652668412,-2.69948566540076,0.68798719903877,Density,Estero Bay Aquatic Preserve,Natural,NA,Exact,1,4042,output/model_results/GLMMs/EBAP_den_glmm9_Natural.rds
ran_pars,cond,UniversalReefID,sd__(Intercept),0.5018818111193,0.458334931061873,0.024896502760617,1.77554199361878,Density,Estero Bay Aquatic Preserve,Natural,NA,Exact,1,4042,output/model_results/GLMMs/EBAP_den_glmm9_Natural.rds
ran_pars,cond,UniversalReefID,sd__RelYear,0.00937235533387918,0.00897991276807909,0.000464086245672357,0.0350392055760776,Density,Estero Bay Aquatic Preserve,Natural,NA,Exact,1,4042,output/model_results/GLMMs/EBAP_den_glmm9_Natural.rds
ran_pars,cond,UniversalReefID,cor__(Intercept).RelYear,-0.307749861188955,0.5830987750104,-0.988977409410342,0.878508318824966,Density,Estero Bay Aquatic Preserve,Natural,NA,Exact,1,4042,output/model_results/GLMMs/EBAP_den_glmm9_Natural.rds
fixed,cond,,(Intercept),8.82363152327558,0.388530477027727,8.03710703193829,9.58489905094988,Density,Guana River Marsh Aquatic Preserve,Natural,NA,Exact,2,4000|5017,output/model_results/GLMMs/GRMAP_den_glmm9_Natural.rds
fixed,cond,,RelYear,-0.0897217047047195,0.0176671209200319,-0.124746616031269,-0.0548919855586219,Density,Guana River Marsh Aquatic Preserve,Natural,NA,Exact,2,4000|5017,output/model_results/GLMMs/GRMAP_den_glmm9_Natural.rds
ran_pars,cond,UniversalReefID,sd__(Intercept),0.945708583536339,0.620895219304003,0.173548490260143,2.41037802740042,Density,Guana River Marsh Aquatic Preserve,Natural,NA,Exact,2,4000|5017,output/model_results/GLMMs/GRMAP_den_glmm9_Natural.rds
ran_pars,cond,UniversalReefID,sd__RelYear,0.03161490806161,0.0268214057761772,0.00104946664047619,0.0957104253554767,Density,Guana River Marsh Aquatic Preserve,Natural,NA,Exact,2,4000|5017,output/model_results/GLMMs/GRMAP_den_glmm9_Natural.rds
ran_pars,cond,UniversalReefID,cor__(Intercept).RelYear,-0.684461598432512,0.486164657404104,-0.999080788691184,0.734264291141126,Density,Guana River Marsh Aquatic Preserve,Natural,NA,Exact,2,4000|5017,output/model_results/GLMMs/GRMAP_den_glmm9_Natural.rds
fixed,cond,,(Intercept),14.5689433114739,0.618379249438559,13.317961077003,15.7533294707444,Density,Guana Tolomato Matanzas National Estuarine Research Reserve,Natural,NA,Exact,2,5017|4000,output/model_results/GLMMs/GTMNERR_den_glmm9_Natural.rds
fixed,cond,,RelYear,-0.136792620028432,0.0108245312708504,-0.157468468041172,-0.114859835712309,Density,Guana Tolomato Matanzas National Estuarine Research Reserve,Natural,NA,Exact,2,5017|4000,output/model_results/GLMMs/GTMNERR_den_glmm9_Natural.rds
ran_pars,cond,UniversalReefID,sd__(Intercept),4.70718739231041,1.04698261012123,2.63387251917921,6.76500252354588,Density,Guana Tolomato Matanzas National Estuarine Research Reserve,Natural,NA,Exact,2,5017|4000,output/model_results/GLMMs/GTMNERR_den_glmm9_Natural.rds
ran_pars,cond,UniversalReefID,sd__RelYear,0.0809438228963199,0.0182893440227449,0.0447294300479179,0.116498947551519,Density,Guana Tolomato Matanzas National Estuarine Research Reserve,Natural,NA,Exact,2,5017|4000,output/model_results/GLMMs/GTMNERR_den_glmm9_Natural.rds
ran_pars,cond,UniversalReefID,cor__(Intercept).RelYear,-0.992666413782097,0.0171107484058696,-0.998194138701494,-0.978816635211002,Density,Guana Tolomato Matanzas National Estuarine Research Reserve,Natural,NA,Exact,2,5017|4000,output/model_results/GLMMs/GTMNERR_den_glmm9_Natural.rds
fixed,cond,,(Intercept),7.15022445324828,2.40389179694221,2.38926540722044,11.9490218899952,Density,Indian River-Malabar to Vero Beach Aquatic Preserve,Natural,NA,Exact,1,4016,output/model_results/GLMMs/IRMVBAP_den_glmm9_Natural.rds
fixed,cond,,RelYear,-0.25179745268198,0.831008449524562,-2.01774393803872,1.39221065835579,Density,Indian River-Malabar to Vero Beach Aquatic Preserve,Natural,NA,Exact,1,4016,output/model_results/GLMMs/IRMVBAP_den_glmm9_Natural.rds
ran_pars,cond,UniversalReefID,sd__(Intercept),2.29351643532915,2.40186871330071,0.0710950987572846,8.43497663261402,Density,Indian River-Malabar to Vero Beach Aquatic Preserve,Natural,NA,Exact,1,4016,output/model_results/GLMMs/IRMVBAP_den_glmm9_Natural.rds
ran_pars,cond,UniversalReefID,sd__RelYear,1.5384518023085,1.75167554307414,0.0446425165888165,5.75105099619832,Density,Indian River-Malabar to Vero Beach Aquatic Preserve,Natural,NA,Exact,1,4016,output/model_results/GLMMs/IRMVBAP_den_glmm9_Natural.rds
ran_pars,cond,UniversalReefID,cor__(Intercept).RelYear,-0.0708793324461861,0.58148894975237,-0.956578200471076,0.940757681709275,Density,Indian River-Malabar to Vero Beach Aquatic Preserve,Natural,NA,Exact,1,4016,output/model_results/GLMMs/IRMVBAP_den_glmm9_Natural.rds
fixed,cond,,(Intercept),13.1970599267704,3.35397160608981,6.80902552348596,19.958328523246,Density,Indian River-Vero Beach to Ft. Pierce Aquatic Preserve,Natural,NA,Exact,1,4016,output/model_results/GLMMs/IRVBFPAP_den_glmm9_Natural.rds
fixed,cond,,RelYear,-0.121269569632538,0.0571435749493856,-0.23628638793328,-0.0139738691054216,Density,Indian River-Vero Beach to Ft. Pierce Aquatic Preserve,Natural,NA,Exact,1,4016,output/model_results/GLMMs/IRVBFPAP_den_glmm9_Natural.rds
ran_pars,cond,UniversalReefID,sd__(Intercept),1.76933370299478,3.17035548889712,0.0360056186922256,11.0943879784826,Density,Indian River-Vero Beach to Ft. Pierce Aquatic Preserve,Natural,NA,Exact,1,4016,output/model_results/GLMMs/IRVBFPAP_den_glmm9_Natural.rds
ran_pars,cond,UniversalReefID,sd__RelYear,0.0348116908378411,0.055724446772826,0.00102098998809633,0.19392868776492,Density,Indian River-Vero Beach to Ft. Pierce Aquatic Preserve,Natural,NA,Exact,1,4016,output/model_results/GLMMs/IRVBFPAP_den_glmm9_Natural.rds
ran_pars,cond,UniversalReefID,cor__(Intercept).RelYear,-0.43898026291639,0.57412294377117,-0.999526311417603,0.876968225123155,Density,Indian River-Vero Beach to Ft. Pierce Aquatic Preserve,Natural,NA,Exact,1,4016,output/model_results/GLMMs/IRVBFPAP_den_glmm9_Natural.rds
fixed,cond,,(Intercept),7.28496283776547,2.04508792974639,3.08911523205294,11.3912278602487,Density,Lemon Bay Aquatic Preserve,Natural,NA,Exact,1,972,output/model_results/GLMMs/LBAP_den_glmm9_Natural.rds
fixed,cond,,RelYear,-0.0126174575744681,0.0371053576606058,-0.0862179573523139,0.0633426827610263,Density,Lemon Bay Aquatic Preserve,Natural,NA,Exact,1,972,output/model_results/GLMMs/LBAP_den_glmm9_Natural.rds
ran_pars,cond,UniversalReefID,sd__(Intercept),4.70968813577823,1.51181323127965,2.54201275250091,8.23132721798449,Density,Lemon Bay Aquatic Preserve,Natural,NA,Exact,1,972,output/model_results/GLMMs/LBAP_den_glmm9_Natural.rds
ran_pars,cond,UniversalReefID,sd__RelYear,0.0842174928415845,0.0276794430900973,0.044312772008888,0.149338938329717,Density,Lemon Bay Aquatic Preserve,Natural,NA,Exact,1,972,output/model_results/GLMMs/LBAP_den_glmm9_Natural.rds
ran_pars,cond,UniversalReefID,cor__(Intercept).RelYear,-0.95691106280503,0.0622393607215728,-0.996728825551376,-0.783797241310969,Density,Lemon Bay Aquatic Preserve,Natural,NA,Exact,1,972,output/model_results/GLMMs/LBAP_den_glmm9_Natural.rds
fixed,cond,,(Intercept),6.37625955313168,0.33663860584827,5.72327251384385,7.06974137651517,Density,Pine Island Sound Aquatic Preserve,Natural,NA,Exact,1,4012,output/model_results/GLMMs/PISAP_den_glmm9_Natural.rds
fixed,cond,,RelYear,-0.262568802858029,0.498612231809353,-1.30389322581062,0.748963463953004,Density,Pine Island Sound Aquatic Preserve,Natural,NA,Exact,1,4012,output/model_results/GLMMs/PISAP_den_glmm9_Natural.rds
ran_pars,cond,UniversalReefID,sd__RelYear,1.1505257807832,1.10981839943839,0.216110408235341,4.2195195760018,Density,Pine Island Sound Aquatic Preserve,Natural,NA,Exact,1,4012,output/model_results/GLMMs/PISAP_den_glmm9_Natural.rds
fixed,cond,,(Intercept),7.93394974456651,0.441044446244785,7.09329506569224,8.84443176676653,Density,Pine Island Sound Aquatic Preserve,Restored,NA,Exact,1,4012,output/model_results/GLMMs/PISAP_den_glmm9_Restored.rds
fixed,cond,,RelYear,-0.533501552300951,0.466606374023007,-1.51029383854643,0.41787242322595,Density,Pine Island Sound Aquatic Preserve,Restored,NA,Exact,1,4012,output/model_results/GLMMs/PISAP_den_glmm9_Restored.rds
ran_pars,cond,UniversalReefID,sd__RelYear,1.24870756665742,1.43867141589931,0.0237990566626044,5.11951532068109,Density,Pine Island Sound Aquatic Preserve,Restored,NA,Exact,1,4012,output/model_results/GLMMs/PISAP_den_glmm9_Restored.rds
fixed,cond,,(Intercept),3.67352631678001,2.44041727716834,-1.17587791723283,8.62382863958717,Density,Yellow River Marsh Aquatic Preserve,Restored,NA,Exact,1,4044,output/model_results/GLMMs/YRMAP_den_glmm9_Restored.rds
fixed,cond,,RelYear,0.128911904972513,0.441379103841462,-0.800627026506504,1.10749294634263,Density,Yellow River Marsh Aquatic Preserve,Restored,NA,Exact,1,4044,output/model_results/GLMMs/YRMAP_den_glmm9_Restored.rds
ran_pars,cond,UniversalReefID,sd__(Intercept),2.33758519807547,2.34694059124748,0.0876208602505604,8.27975930386242,Density,Yellow River Marsh Aquatic Preserve,Restored,NA,Exact,1,4044,output/model_results/GLMMs/YRMAP_den_glmm9_Restored.rds
ran_pars,cond,UniversalReefID,sd__RelYear,1.16196135510547,1.25420790482905,0.0316163118860839,4.67953963885891,Density,Yellow River Marsh Aquatic Preserve,Restored,NA,Exact,1,4044,output/model_results/GLMMs/YRMAP_den_glmm9_Restored.rds
ran_pars,cond,UniversalReefID,cor__(Intercept).RelYear,-0.0800684032385582,0.575754325996788,-0.958391599363817,0.932139673632648,Density,Yellow River Marsh Aquatic Preserve,Restored,NA,Exact,1,4044,output/model_results/GLMMs/YRMAP_den_glmm9_Restored.rds
fixed,cond,,(Intercept),-30.0074635310113,1.49005771251226,-33.0191651795542,-27.0809022039413,Percent live,Apalachicola Bay Aquatic Preserve,Natural,NA,Exact,1,5010,output/model_results/GLMMs/ABAP_pct_glmm_Natural.rds
fixed,cond,,RelYear,0.482718877837881,0.02293125233124,0.437105867966954,0.52772872266689,Percent live,Apalachicola Bay Aquatic Preserve,Natural,NA,Exact,1,5010,output/model_results/GLMMs/ABAP_pct_glmm_Natural.rds
ran_pars,cond,UniversalReefID,sd__(Intercept),3.02182961801087,0.744771946848481,1.92644455683721,4.79048371186042,Percent live,Apalachicola Bay Aquatic Preserve,Natural,NA,Exact,1,5010,output/model_results/GLMMs/ABAP_pct_glmm_Natural.rds
fixed,cond,,(Intercept),5.10344033925864,0.251116785403271,4.55327837271515,5.59426409380676,Percent live,Apalachicola Bay Aquatic Preserve,Restored,NA,Exact,2,4044|5007,output/model_results/GLMMs/ABAP_pct_glmm_Restored.rds
fixed,cond,,RelYear,-0.0889716571154454,0.00222868219602638,-0.0934686156587481,-0.0846033171887547,Percent live,Apalachicola Bay Aquatic Preserve,Restored,NA,Exact,2,4044|5007,output/model_results/GLMMs/ABAP_pct_glmm_Restored.rds
ran_pars,cond,UniversalReefID,sd__(Intercept),1.33205050891732,0.157570979120685,1.05112052400355,1.67314362624099,Percent live,Apalachicola Bay Aquatic Preserve,Restored,NA,Exact,2,4044|5007,output/model_results/GLMMs/ABAP_pct_glmm_Restored.rds
fixed,cond,,(Intercept),-15.7777748947361,0.904597817606367,-17.5642198401706,-14.0101437252995,Percent live,Apalachicola National Estuarine Research Reserve,Natural,NA,Exact,2,5075|5010,output/model_results/GLMMs/ANERR_pct_glmm_Natural.rds
fixed,cond,,RelYear,0.233438290573678,0.0138631657345391,0.205790639175545,0.260993429405835,Percent live,Apalachicola National Estuarine Research Reserve,Natural,NA,Exact,2,5075|5010,output/model_results/GLMMs/ANERR_pct_glmm_Natural.rds
ran_pars,cond,UniversalReefID,sd__(Intercept),2.50730331428759,0.455285145805039,1.76204967767105,3.55057719998515,Percent live,Apalachicola National Estuarine Research Reserve,Natural,NA,Exact,2,5075|5010,output/model_results/GLMMs/ANERR_pct_glmm_Natural.rds
fixed,cond,,(Intercept),4.57556253391576,0.248137509552832,4.09263721587263,5.05926895506688,Percent live,Apalachicola National Estuarine Research Reserve,Restored,NA,Exact,2,4044|5007,output/model_results/GLMMs/ANERR_pct_glmm_Restored.rds
fixed,cond,,RelYear,-0.0733154112702507,0.00215146409769223,-0.0774889148015664,-0.0690865701150836,Percent live,Apalachicola National Estuarine Research Reserve,Restored,NA,Exact,2,4044|5007,output/model_results/GLMMs/ANERR_pct_glmm_Restored.rds
ran_pars,cond,UniversalReefID,sd__(Intercept),1.41166538881712,0.162779354534387,1.15213118000013,1.76650732458744,Percent live,Apalachicola National Estuarine Research Reserve,Restored,NA,Exact,2,4044|5007,output/model_results/GLMMs/ANERR_pct_glmm_Restored.rds
fixed,cond,,(Intercept),0.576741303756106,0.525128502208511,-0.444785017784907,1.6257441358058,Percent live,Estero Bay Aquatic Preserve,Natural,NA,Exact,1,4042,output/model_results/GLMMs/EBAP_pct_glmm_Natural.rds
fixed,cond,,RelYear,-0.0317946655584655,0.00885637906500985,-0.049272933649143,-0.0146579905892687,Percent live,Estero Bay Aquatic Preserve,Natural,NA,Exact,1,4042,output/model_results/GLMMs/EBAP_pct_glmm_Natural.rds
ran_pars,cond,UniversalReefID,sd__(Intercept),1.08796556269518,0.198350620458212,0.761289820580905,1.55466132321293,Percent live,Estero Bay Aquatic Preserve,Natural,NA,Exact,1,4042,output/model_results/GLMMs/EBAP_pct_glmm_Natural.rds
fixed,cond,,(Intercept),-1.45553821688215,0.121534868048938,-1.69230044403952,-1.21131502506692,Percent live,Guana River Marsh Aquatic Preserve,Natural,NA,Exact,2,4000|5017,output/model_results/GLMMs/GRMAP_pct_glmm_Natural.rds
fixed,cond,,RelYear,0.0112136079902937,0.00468268927990708,0.00180036119401057,0.020298668971668,Percent live,Guana River Marsh Aquatic Preserve,Natural,NA,Exact,2,4000|5017,output/model_results/GLMMs/GRMAP_pct_glmm_Natural.rds
ran_pars,cond,UniversalReefID,sd__(Intercept),0.601328895557676,0.0479319764795614,0.514468512963749,0.704743667156076,Percent live,Guana River Marsh Aquatic Preserve,Natural,NA,Exact,2,4000|5017,output/model_results/GLMMs/GRMAP_pct_glmm_Natural.rds
fixed,cond,,(Intercept),0.0885335301947615,0.166149632605784,-0.236825567942637,0.418123729557722,Percent live,Guana Tolomato Matanzas National Estuarine Research Reserve,Natural,NA,Exact,2,5017|4000,output/model_results/GLMMs/GTMNERR_pct_glmm_Natural.rds
fixed,cond,,RelYear,-0.0247718116866161,0.00287422879793951,-0.0304227688811416,-0.0191535614388083,Percent live,Guana Tolomato Matanzas National Estuarine Research Reserve,Natural,NA,Exact,2,5017|4000,output/model_results/GLMMs/GTMNERR_pct_glmm_Natural.rds
ran_pars,cond,UniversalReefID,sd__(Intercept),0.692296531264383,0.033206163730511,0.631403354025443,0.759272779525035,Percent live,Guana Tolomato Matanzas National Estuarine Research Reserve,Natural,NA,Exact,2,5017|4000,output/model_results/GLMMs/GTMNERR_pct_glmm_Natural.rds
fixed,cond,,(Intercept),-0.223088206151647,1.58530192330781,-3.19712181373681,3.48732653318224,Percent live,Indian River-Malabar to Vero Beach Aquatic Preserve,Natural,NA,Exact,1,4016,output/model_results/GLMMs/IRMVBAP_pct_glmm_Natural.rds
fixed,cond,,RelYear,-0.261853493225696,0.016315851677488,-0.294954912552433,-0.231008827966594,Percent live,Indian River-Malabar to Vero Beach Aquatic Preserve,Natural,NA,Exact,1,4016,output/model_results/GLMMs/IRMVBAP_pct_glmm_Natural.rds
ran_pars,cond,UniversalReefID,sd__(Intercept),2.06479298436646,2.03360495594509,0.0700955295878154,7.48013873046413,Percent live,Indian River-Malabar to Vero Beach Aquatic Preserve,Natural,NA,Exact,1,4016,output/model_results/GLMMs/IRMVBAP_pct_glmm_Natural.rds
fixed,cond,,(Intercept),8.42195871556389,1.06930672691771,6.51218072727206,10.6758476361711,Percent live,Indian River-Vero Beach to Ft. Pierce Aquatic Preserve,Natural,NA,Exact,1,4016,output/model_results/GLMMs/IRVBFPAP_pct_glmm_Natural.rds
fixed,cond,,RelYear,-0.182151174646246,0.00688038048591854,-0.195178954136254,-0.168923463317848,Percent live,Indian River-Vero Beach to Ft. Pierce Aquatic Preserve,Natural,NA,Exact,1,4016,output/model_results/GLMMs/IRVBFPAP_pct_glmm_Natural.rds
ran_pars,cond,UniversalReefID,sd__(Intercept),2.33587923930612,0.864738082210843,1.24724889379536,4.45916839441563,Percent live,Indian River-Vero Beach to Ft. Pierce Aquatic Preserve,Natural,NA,Exact,1,4016,output/model_results/GLMMs/IRVBFPAP_pct_glmm_Natural.rds
fixed,cond,,(Intercept),-0.502959168159959,1.79093312349034,-3.62522673349399,3.56108728544074,Percent live,Jensen Beach to Jupiter Inlet Aquatic Preserve,Natural,NA,Exact,1,4016,output/model_results/GLMMs/JBJIAP_pct_glmm_Natural.rds
fixed,cond,,RelYear,-0.332653645146505,0.0296419187658423,-0.391207632525771,-0.275886730756604,Percent live,Jensen Beach to Jupiter Inlet Aquatic Preserve,Natural,NA,Exact,1,4016,output/model_results/GLMMs/JBJIAP_pct_glmm_Natural.rds
ran_pars,cond,UniversalReefID,sd__(Intercept),2.2058326980514,2.10375836564817,0.0868629700766712,8.07607704161647,Percent live,Jensen Beach to Jupiter Inlet Aquatic Preserve,Natural,NA,Exact,1,4016,output/model_results/GLMMs/JBJIAP_pct_glmm_Natural.rds
fixed,cond,,(Intercept),0.919262619147404,0.433411771133026,0.0535261360072869,1.76466618660543,Percent live,Lemon Bay Aquatic Preserve,Natural,NA,Exact,1,972,output/model_results/GLMMs/LBAP_pct_glmm_Natural.rds
fixed,cond,,RelYear,-0.0047962602215378,0.00868907423443225,-0.0222532569190976,0.0128234039674807,Percent live,Lemon Bay Aquatic Preserve,Natural,NA,Exact,1,972,output/model_results/GLMMs/LBAP_pct_glmm_Natural.rds
ran_pars,cond,ReefIdentifier,sd__RelYear,0.00844026370313927,0.00398473449948114,0.00370021485550576,0.0181009510180223,Percent live,Lemon Bay Aquatic Preserve,Natural,NA,Exact,1,972,output/model_results/GLMMs/LBAP_pct_glmm_Natural.rds
fixed,cond,,(Intercept),-3.04125720147884,1.25125975728386,-5.53205960355284,-0.29690454722453,Percent live,Pine Island Sound Aquatic Preserve,Natural,NA,Exact,1,4012,output/model_results/GLMMs/PISAP_pct_glmm_Natural.rds
fixed,cond,,RelYear,0.392129626767985,0.030249969672956,0.330509315889699,0.451759008721594,Percent live,Pine Island Sound Aquatic Preserve,Natural,NA,Exact,1,4012,output/model_results/GLMMs/PISAP_pct_glmm_Natural.rds
ran_pars,cond,UniversalReefID,sd__(Intercept),2.01664722978109,1.33028113716293,0.596116782014866,5.42917368195399,Percent live,Pine Island Sound Aquatic Preserve,Natural,NA,Exact,1,4012,output/model_results/GLMMs/PISAP_pct_glmm_Natural.rds
fixed,cond,,(Intercept),-1.02521272667427,1.43606436812173,-4.07304323598969,1.91666763296031,Percent live,Pine Island Sound Aquatic Preserve,Restored,NA,Exact,1,4012,output/model_results/GLMMs/PISAP_pct_glmm_Restored.rds
fixed,cond,,RelYear,0.151706442351551,0.0260140990548896,0.100616400559971,0.199489307117984,Percent live,Pine Island Sound Aquatic Preserve,Restored,NA,Exact,1,4012,output/model_results/GLMMs/PISAP_pct_glmm_Restored.rds
ran_pars,cond,UniversalReefID,sd__(Intercept),1.93936850162672,1.97459968448044,0.0529219187909312,7.10471754670123,Percent live,Pine Island Sound Aquatic Preserve,Restored,NA,Exact,1,4012,output/model_results/GLMMs/PISAP_pct_glmm_Restored.rds
fixed,cond,,(Intercept),-2.27716806951127,1.60284873599988,-5.70214087614633,1.06657904167183,Percent live,Yellow River Marsh Aquatic Preserve,Restored,NA,Exact,1,4044,output/model_results/GLMMs/YRMAP_pct_glmm_Restored.rds
fixed,cond,,RelYear,0.399713734800645,0.014244463894219,0.371834962322642,0.427654705551027,Percent live,Yellow River Marsh Aquatic Preserve,Restored,NA,Exact,1,4044,output/model_results/GLMMs/YRMAP_pct_glmm_Restored.rds
ran_pars,cond,UniversalReefID,sd__(Intercept),2.00188826562854,1.9332158551573,0.0678006365307557,7.04356435128276,Percent live,Yellow River Marsh Aquatic Preserve,Restored,NA,Exact,1,4044,output/model_results/GLMMs/YRMAP_pct_glmm_Restored.rds
